address,coordinates,demand
"Kluang Meteorological Office, Kluang, Johor","2.0152611863635235, 103.3170412515875",232
"Jalan Mengkibol Health Clinic,  Kluang, Johor","2.007137483176539, 103.32188085135122",154
"Kluang Country Club, Jalan Mengkibol, Taman Sunrise, 86000 Kluang, Johor","2.0154603763554824, 103.31821000406603",395
"Kuarters Guru SMK Jalan Mengkibol, Jalan Mengkibol, 86000, Kluang, Johor","1.9956843283175765, 103.32181389897033",163
"SMK Jalan Mengkibol, Jalan Mengkibol, 86000, Kluang, Johor","2.0147728017706523, 103.31992489092632",289
"Kolej Vokasional Kluang, Jalan Mengkibol, 86000, Kluang, Johor","2.0004774589518455, 103.32148389339156",562
"Wisma Belia Bell, Jalan Mengkibol, 86000, Kluang, Johor","2.0158456650371748, 103.31985514850591",252
"SMK Seri Sembrong, Jalan Mersing, 86000, Kluang, Johor","2.095384603650947, 103.38620010942873",253
